{"train_loss": 6.556919097900391, "epoch": 0, "_timestamp": 1600863948.3901513, "_runtime": 544.3742182254791, "_step": 0, "global_step": 12}
