{"epoch": 0, "_runtime": 292.7630476951599, "global_step": 62, "_step": 4, "_timestamp": 1599506526.8912644, "train_loss": 4.3706440925598145}
